Customer_ID,Age,Gender,Annual_Income,Total_Spend,Years_as_Customer,Num_of_Purchases,Average_Transaction_Amount,Num_of_Returns,Num_of_Support_Contacts,Satisfaction_Score,Last_Purchase_Days_Ago,Email_Opt_In,Promotion_Response,Target_Churn
1,61,Male,53.91,919.74,4,21,43.8,4,3,2,115,False,Ignored,True
2,19,Female,93.23,416.42,5,11,37.86,6,2,3,293,False,Ignored,True
3,30,Female,152.73,2402.18,4,34,70.65,7,3,1,134,False,Ignored,True
4,57,Female,179.4,1079.1,5,33,32.7,2,3,2,15,False,Unsubscribed,True
5,19,Female,142.42,5892.16,9,71,82.99,0,1,5,255,True,Unsubscribed,False
6,37,Female,70.18,1910.75,3,41,46.6,6,2,2,210,False,Unsubscribed,True
7,18,Female,143.06,2925.49,2,30,97.52,1,4,2,207,False,Unsubscribed,True
8,54,Male,76.93,2200.01,6,27,81.48,2,2,5,234,False,Ignored,True
9,26,Female,150.73,1708.34,8,24,71.18,7,4,2,259,False,Ignored,True
10,34,Female,191.96,5145.45,9,68,75.67,0,2,4,73,False,Ignored,False
11,26,Other,151.24,1117.54,7,26,42.98,0,3,5,253,False,Ignored,True
12,28,Female,176.0,2645.06,19,39,67.82,0,1,3,131,True,Responded,False
13,32,Male,25.37,730.71,5,12,60.89,5,0,5,130,False,Ignored,True
14,41,Male,150.58,1775.27,2,21,84.54,6,3,2,113,True,Unsubscribed,True
15,55,Male,170.18,347.69,8,5,69.54,5,3,3,46,False,Ignored,True
16,52,Female,32.1,992.53,7,27,36.76,5,4,2,159,False,Ignored,True
17,47,Male,177.53,6643.21,2,44,150.98,0,2,5,190,False,Responded,False
18,48,Female,69.92,985.97,5,16,61.62,2,0,3,273,False,Unsubscribed,True
19,66,Female,141.43,671.79,1,18,37.32,4,4,5,57,False,Unsubscribed,True
20,22,Male,165.06,7422.57,13,58,127.98,3,0,5,160,False,Responded,False
21,61,Female,140.97,1872.28,5,22,85.1,3,4,3,227,False,Unsubscribed,True
22,67,Male,41.15,2931.81,8,58,50.55,5,0,5,92,True,Responded,False
23,31,Female,129.36,2772.31,7,50,55.45,4,0,5,148,True,Responded,False
24,28,Male,121.18,837.03,4,16,52.31,5,4,2,220,False,Ignored,True
25,26,Other,182.56,5651.21,2,59,95.78,8,0,4,1,True,Responded,False
26,51,Male,95.74,1278.06,3,24,53.25,0,3,2,184,True,Responded,False
27,29,Other,81.19,5590.02,20,53,105.47,0,1,3,262,False,Responded,False
28,52,Female,156.22,1268.1,1,21,60.39,4,4,2,156,False,Unsubscribed,True
29,52,Other,97.22,917.53,2,14,65.54,5,4,2,72,False,Ignored,True
30,18,Female,138.07,2975.93,1,35,85.03,8,0,1,195,False,Unsubscribed,True
31,57,Female,138.13,5762.7,6,57,101.1,0,2,4,244,True,Ignored,False
32,39,Female,180.41,3734.43,5,42,88.92,3,1,4,249,False,Responded,False
33,46,Female,129.77,743.41,10,11,67.58,2,4,5,246,True,Unsubscribed,True
34,25,Female,112.88,6188.59,4,44,140.65,2,1,4,205,True,Ignored,False
35,28,Female,49.3,2308.72,17,37,62.4,3,1,3,197,True,Unsubscribed,False
36,58,Female,45.25,5931.49,3,76,78.05,2,2,1,327,True,Ignored,False
37,54,Male,52.01,526.98,2,12,43.92,5,2,1,90,True,Ignored,True
38,31,Male,55.07,953.94,11,27,35.33,7,3,5,180,True,Unsubscribed,True
39,47,Female,136.63,668.04,4,20,33.4,6,4,3,302,False,Unsubscribed,True
40,52,Female,154.67,1982.13,8,24,82.59,3,1,4,190,False,Responded,False
41,38,Female,117.75,2106.92,3,31,67.97,1,1,4,193,False,Unsubscribed,False
42,54,Female,170.08,5819.17,16,54,107.76,0,0,3,267,True,Ignored,False
43,22,Other,198.47,2726.59,6,44,61.97,6,1,3,153,True,Ignored,False
44,36,Male,168.5,518.59,1,13,39.89,3,2,2,25,True,Responded,True
45,31,Male,146.6,1376.35,7,26,52.94,1,2,4,181,True,Responded,False
46,43,Male,118.19,3817.93,15,34,112.29,3,1,3,1,True,Responded,False
47,21,Female,103.55,1158.85,2,15,77.26,7,1,4,95,False,Unsubscribed,True
48,42,Other,39.77,356.71,10,6,59.45,2,2,5,146,False,Ignored,True
49,62,Male,94.89,3408.18,5,45,75.74,1,0,3,196,True,Responded,False
50,59,Female,184.27,2579.96,6,31,83.22,3,4,5,155,False,Ignored,True
51,42,Female,166.4,819.51,2,13,63.04,4,4,3,137,False,Unsubscribed,True
52,35,Female,62.81,1014.88,7,19,53.41,2,4,4,54,False,Ignored,True
53,57,Female,106.66,907.17,7,16,56.7,1,0,5,251,True,Responded,False
54,25,Male,167.93,1655.72,1,20,82.79,6,3,3,256,False,Unsubscribed,True
55,56,Female,36.79,1961.67,3,38,51.62,0,1,2,149,True,Ignored,False
56,57,Female,92.79,4638.33,14,51,90.95,2,3,3,219,True,Unsubscribed,False
57,31,Male,174.07,281.27,5,4,70.32,4,4,4,197,True,Unsubscribed,True
58,49,Female,95.68,2054.21,2,20,102.71,8,1,3,145,True,Ignored,False
59,68,Male,38.58,1453.17,9,35,41.52,0,1,5,170,True,Unsubscribed,False
60,55,Female,119.94,575.8,9,7,82.26,2,3,2,187,False,Unsubscribed,True
61,50,Female,175.8,4049.18,3,40,101.23,2,4,3,70,True,Responded,False
62,40,Female,128.3,3085.5,7,49,62.97,5,0,4,117,True,Responded,False
63,32,Female,64.6,2633.54,1,30,87.78,3,4,4,279,False,Responded,True
64,50,Male,92.24,3625.77,5,64,56.65,2,1,3,104,True,Responded,False
65,42,Female,103.77,1325.02,3,15,88.33,5,4,2,119,True,Ignored,True
66,34,Male,126.37,1559.94,2,28,55.71,1,3,5,122,False,Ignored,True
67,50,Male,157.89,535.89,1,17,31.52,7,2,2,157,False,Unsubscribed,True
68,64,Other,42.3,1811.69,1,22,82.35,5,3,3,133,True,Unsubscribed,True
69,19,Male,180.69,4314.89,14,46,93.8,2,3,3,113,False,Ignored,False
70,31,Female,27.15,2317.76,1,24,96.57,7,3,2,133,True,Ignored,True
71,57,Female,89.76,3057.55,5,39,78.4,1,1,4,19,True,Responded,False
72,57,Male,29.8,3283.39,4,53,61.95,4,0,5,134,True,Responded,False
73,68,Male,93.77,522.32,5,9,58.04,7,0,4,274,True,Ignored,True
74,56,Male,117.02,669.21,1,9,74.36,3,2,1,88,True,Unsubscribed,True
75,68,Other,114.54,3616.96,4,32,113.03,1,2,3,223,True,Ignored,False
76,23,Female,53.98,7860.19,2,76,103.42,4,0,1,245,True,Responded,False
77,23,Male,138.0,989.18,2,15,65.95,3,2,1,116,True,Responded,True
78,20,Female,32.84,1039.73,2,21,49.51,1,1,3,207,True,Unsubscribed,False
79,24,Female,158.33,2379.4,5,39,61.01,5,2,3,151,True,Ignored,True
80,68,Male,190.66,3005.48,6,30,100.18,1,0,5,243,True,Unsubscribed,False
81,25,Female,84.46,927.59,2,13,71.35,9,2,3,228,False,Ignored,True
82,59,Female,115.52,2660.2,2,54,49.26,4,0,2,163,True,Responded,False
83,69,Other,91.31,3702.41,7,30,123.41,0,4,1,140,True,Responded,False
84,32,Male,26.17,2029.26,2,35,57.98,4,1,4,47,True,Unsubscribed,False
85,64,Male,92.53,6997.45,5,71,98.56,3,1,5,53,True,Responded,False
86,46,Male,163.55,1405.57,2,25,56.22,3,3,2,365,False,Ignored,True
87,50,Female,129.3,1773.39,6,24,73.89,5,1,3,276,True,Responded,True
88,69,Male,42.72,846.84,1,9,94.09,0,3,5,135,False,Ignored,True
89,47,Female,173.25,980.79,4,27,36.33,3,1,3,57,False,Responded,True
90,56,Female,117.94,1922.38,3,19,101.18,0,0,5,278,True,Ignored,False
91,44,Female,172.3,6724.33,5,51,131.85,3,1,5,229,True,Ignored,False
92,53,Female,126.54,2157.61,11,25,86.3,0,1,4,162,True,Unsubscribed,False
93,46,Other,122.95,1314.72,6,28,46.95,9,3,1,224,False,Unsubscribed,True
94,55,Female,43.42,2817.18,6,53,53.15,0,4,4,66,True,Responded,False
95,50,Female,54.29,985.84,1,26,37.92,7,1,2,189,True,Unsubscribed,True
96,54,Male,195.1,677.5,5,13,52.12,5,2,5,134,True,Responded,False
97,44,Other,64.99,967.75,1,25,38.71,2,1,4,3,False,Unsubscribed,True
98,50,Male,196.05,5017.07,14,60,83.62,1,2,5,154,False,Responded,False
99,21,Male,118.08,3593.52,5,30,119.78,0,3,4,119,True,Responded,False
100,39,Male,48.76,1106.69,2,31,35.7,5,4,2,162,False,Unsubscribed,True
101,19,Female,42.38,184.32,1,4,46.08,7,3,3,205,False,Responded,True
102,27,Male,61.55,4139.68,8,31,133.54,2,2,5,224,True,Responded,False
103,22,Male,186.99,663.56,3,10,66.36,3,4,3,75,False,Unsubscribed,True
104,27,Male,97.48,3869.98,5,47,82.34,2,0,5,119,True,Ignored,False
105,50,Male,94.2,1327.56,1,20,66.38,2,4,3,199,True,Unsubscribed,True
106,55,Female,79.81,567.82,5,13,43.68,8,3,5,263,False,Unsubscribed,True
107,30,Female,50.74,1508.74,7,26,58.03,6,2,5,180,False,Unsubscribed,True
108,48,Male,110.37,50.0,2,1,50.0,7,3,4,245,True,Ignored,True
109,64,Female,47.76,3547.41,5,46,77.12,0,2,2,132,True,Responded,False
110,53,Female,171.21,2687.65,3,35,76.79,2,2,2,115,True,Ignored,True
111,62,Male,89.82,859.67,1,15,57.31,2,3,2,227,True,Unsubscribed,True
112,41,Male,90.59,1305.0,1,18,72.5,1,1,3,130,True,Ignored,True
113,69,Other,107.95,563.4,4,9,62.6,2,4,2,189,False,Unsubscribed,True
114,32,Female,102.72,50.0,4,1,50.0,4,3,2,187,True,Ignored,True
115,46,Male,199.1,1048.0,15,22,47.64,0,2,5,49,True,Unsubscribed,False
116,25,Female,120.44,3379.22,4,59,57.27,2,1,3,171,False,Responded,False
117,22,Male,40.44,4634.07,2,49,94.57,1,3,5,243,True,Responded,False
118,46,Female,131.2,1287.76,2,17,75.75,2,1,3,170,True,Unsubscribed,True
119,64,Male,51.53,1576.04,9,15,105.07,4,2,3,205,True,Unsubscribed,True
120,21,Male,30.41,5357.69,3,41,130.68,2,0,2,197,True,Unsubscribed,False
121,29,Male,194.88,1630.68,2,19,85.83,0,4,1,136,False,Unsubscribed,True
122,62,Other,160.37,705.76,11,11,64.16,3,0,3,198,True,Ignored,False
123,19,Female,196.52,2109.92,4,30,70.33,9,4,1,136,True,Ignored,True
124,44,Male,108.63,5624.59,2,42,133.92,2,4,4,98,True,Responded,False
125,48,Male,118.15,4179.97,15,50,83.6,6,1,2,179,True,Responded,False
126,68,Female,54.46,1030.0,3,27,38.15,9,4,3,158,False,Unsubscribed,True
127,68,Male,68.21,1613.6,1,31,52.05,0,4,1,243,True,Ignored,True
128,53,Male,171.75,3843.49,3,39,98.55,4,1,5,99,True,Ignored,False
129,53,Other,87.33,1291.17,16,25,51.65,2,3,1,169,True,Responded,True
130,43,Male,169.69,604.08,1,10,60.41,3,4,3,182,False,Unsubscribed,True
131,60,Female,149.08,1711.81,7,31,55.22,9,4,3,70,False,Unsubscribed,True
132,44,Other,56.0,863.7,4,13,66.44,6,2,3,235,False,Responded,True
133,22,Male,113.8,2748.57,19,46,59.75,2,2,3,201,True,Ignored,False
134,37,Male,143.54,104.0,4,2,52.0,2,3,1,325,False,Ignored,True
135,28,Male,66.13,1636.42,5,26,62.94,4,2,3,176,False,Ignored,True
136,27,Other,170.37,3785.44,3,39,97.06,0,2,3,1,True,Ignored,False
137,57,Other,120.34,1901.86,3,26,73.15,2,1,4,138,False,Responded,False
138,55,Female,53.92,4187.59,3,30,139.59,6,0,5,1,True,Responded,False
139,23,Male,127.02,3721.9,2,32,116.31,0,2,2,144,True,Responded,False
140,25,Female,199.95,4020.63,7,41,98.06,0,2,3,1,True,Ignored,False
141,40,Other,51.34,1701.21,7,27,63.01,1,0,5,61,True,Ignored,False
142,64,Female,167.93,3968.39,5,64,62.01,0,3,4,277,True,Ignored,False
143,43,Other,61.28,1193.72,5,17,70.22,4,3,4,168,False,Unsubscribed,True
144,63,Other,161.92,3471.4,3,29,119.7,2,2,3,32,True,Ignored,False
145,60,Female,153.55,1087.76,6,16,67.98,5,2,4,138,True,Ignored,True
146,29,Female,77.59,54.24,9,1,54.24,8,0,1,75,False,Unsubscribed,True
147,43,Male,82.02,246.23,4,4,61.56,8,1,5,46,True,Ignored,True
148,30,Male,163.69,1966.0,3,40,49.15,3,2,1,176,True,Responded,False
149,57,Female,105.75,266.63,2,7,38.09,0,3,1,306,False,Unsubscribed,True
150,35,Male,152.89,2989.08,10,57,52.44,0,2,5,71,True,Responded,False
151,42,Other,50.9,2181.48,9,28,77.91,1,3,4,114,False,Unsubscribed,True
152,50,Other,174.2,1998.5,13,32,62.45,6,0,5,210,False,Responded,False
153,64,Female,149.4,656.59,4,12,54.72,3,1,1,97,True,Responded,True
154,57,Male,183.71,3014.1,2,26,115.93,7,3,4,199,True,Ignored,False
155,60,Male,48.17,947.68,16,12,78.97,5,3,4,180,False,Ignored,True
156,29,Male,128.78,3884.22,19,41,94.74,0,3,5,131,True,Ignored,False
157,61,Female,129.85,5124.63,6,38,134.86,4,4,4,1,False,Unsubscribed,False
158,53,Female,86.86,1891.68,3,24,78.82,2,2,2,183,True,Unsubscribed,True
159,65,Other,105.23,2502.16,4,39,64.16,5,0,3,85,False,Ignored,False
160,21,Female,31.65,759.96,1,20,38.0,9,4,4,194,True,Responded,True
161,22,Other,155.53,729.95,3,16,45.62,4,0,1,133,True,Ignored,True
162,54,Other,121.13,95.77,2,1,95.77,7,3,1,46,False,Ignored,True
163,25,Male,35.1,1857.0,8,24,77.38,2,2,4,239,True,Unsubscribed,True
164,59,Other,144.13,2880.14,5,28,102.86,3,0,3,125,False,Unsubscribed,True
165,66,Male,106.69,1044.36,7,21,49.73,5,2,2,84,False,Unsubscribed,True
166,45,Male,31.03,856.53,8,10,85.65,6,2,3,230,True,Responded,True
167,48,Female,194.68,7086.57,8,52,136.28,6,0,5,65,True,Ignored,False
168,26,Male,191.09,1903.18,4,19,100.17,6,4,1,95,False,Unsubscribed,True
169,68,Female,114.76,5080.1,8,42,120.95,0,3,5,92,True,Ignored,False
170,46,Female,41.39,2829.61,10,38,74.46,5,0,3,212,True,Unsubscribed,False
171,31,Female,157.06,4503.91,18,43,104.74,0,1,3,40,True,Responded,False
172,57,Male,111.09,3359.6,5,45,74.66,4,1,3,278,False,Unsubscribed,False
173,58,Female,77.93,1521.92,8,28,54.35,1,0,3,219,False,Responded,False
174,39,Female,111.0,1082.52,1,19,56.97,6,1,4,55,False,Unsubscribed,True
175,28,Female,116.43,2623.92,2,42,62.47,0,3,3,242,False,Ignored,False
176,40,Female,123.47,3833.67,13,71,54.0,3,0,4,27,True,Unsubscribed,False
177,18,Male,102.21,2358.49,4,30,78.62,1,2,4,163,True,Responded,False
178,63,Female,131.01,4197.15,3,54,77.72,5,0,5,225,False,Responded,False
179,54,Male,185.78,1085.2,3,15,72.35,4,4,4,363,False,Unsubscribed,True
180,38,Female,88.4,1022.86,3,27,37.88,6,4,2,211,False,Unsubscribed,True
181,43,Female,152.0,3512.14,16,57,61.62,3,1,5,170,True,Responded,False
182,63,Female,181.53,1011.61,4,27,37.47,5,3,5,174,False,Unsubscribed,True
183,53,Female,104.8,897.55,5,9,99.73,2,1,3,90,True,Responded,False
184,40,Other,102.6,1335.32,4,24,55.64,4,1,1,225,True,Unsubscribed,True
185,18,Other,130.37,1624.69,3,25,64.99,4,2,1,128,False,Ignored,True
186,68,Other,128.5,5648.45,6,65,86.9,1,1,2,188,True,Responded,False
187,57,Other,166.15,6327.58,9,53,119.39,0,3,5,1,True,Responded,False
188,32,Male,108.38,1959.63,6,33,59.38,1,1,4,144,True,Unsubscribed,False
189,38,Male,199.32,353.4,3,9,39.27,5,4,1,239,True,Unsubscribed,True
190,64,Female,35.41,115.0,2,2,57.5,6,4,3,108,False,Unsubscribed,True
191,26,Male,25.55,985.01,4,25,39.4,0,4,4,1,False,Responded,True
192,26,Female,137.03,571.79,2,9,63.53,5,3,1,365,False,Ignored,True
193,27,Male,77.23,1189.34,4,15,79.29,4,1,1,163,False,Ignored,True
194,69,Female,67.07,6478.53,11,73,88.75,3,2,4,192,True,Responded,False
195,43,Female,79.58,1952.19,2,22,88.74,1,0,1,34,False,Unsubscribed,False
196,58,Female,69.81,4825.93,5,52,92.81,1,1,5,172,False,Responded,False
197,52,Female,30.39,1391.17,3,20,69.56,0,1,4,222,True,Responded,False
198,69,Other,195.02,4337.79,2,61,71.11,1,3,5,41,False,Ignored,False
199,42,Female,63.63,1476.6,1,21,70.31,6,4,1,9,False,Unsubscribed,True
200,43,Other,153.46,3902.26,4,54,72.26,0,0,5,43,True,Unsubscribed,False
201,28,Male,158.45,4037.55,10,40,100.94,0,0,2,251,False,Ignored,False
202,55,Other,187.62,501.74,4,11,45.61,3,3,4,214,True,Ignored,True
203,19,Female,30.35,1953.18,2,24,81.38,7,2,2,108,False,Ignored,True
204,24,Male,177.61,2426.51,7,27,89.87,2,1,2,217,False,Ignored,True
205,35,Male,117.26,1062.34,5,21,50.59,3,4,2,177,True,Responded,True
206,44,Female,135.7,2640.44,1,31,85.18,3,1,3,63,True,Unsubscribed,True
207,51,Male,137.78,2645.89,10,38,69.63,5,0,4,272,True,Unsubscribed,False
208,44,Male,168.46,2321.97,14,34,68.29,4,3,2,150,False,Unsubscribed,True
209,34,Female,83.35,3342.91,17,36,92.86,1,2,4,112,False,Responded,False
210,60,Female,153.28,1641.56,2,28,58.63,3,3,3,188,False,Unsubscribed,True
211,61,Female,117.5,4617.96,5,44,104.95,5,2,4,1,True,Responded,False
212,68,Other,163.84,5366.62,3,39,137.61,0,0,3,61,True,Responded,False
213,41,Female,198.35,1151.87,2,20,57.59,1,4,1,35,False,Unsubscribed,True
214,42,Female,60.11,2120.81,7,30,70.69,4,0,2,137,False,Unsubscribed,True
215,24,Male,199.06,1169.38,3,26,44.98,3,2,1,91,False,Unsubscribed,True
216,69,Female,40.72,3875.44,4,54,71.77,0,1,5,10,True,Ignored,False
217,23,Male,25.41,310.34,19,3,103.45,4,4,5,137,True,Unsubscribed,True
218,41,Other,32.73,3445.47,20,47,73.31,1,0,3,172,True,Responded,False
219,50,Other,84.81,1892.74,3,37,51.16,5,1,1,60,False,Ignored,True
220,66,Female,135.76,3602.28,3,39,92.37,3,3,2,73,False,Unsubscribed,True
221,46,Male,37.08,3216.48,3,29,110.91,1,0,1,1,False,Unsubscribed,False
222,60,Other,25.99,214.6,2,5,42.92,5,3,1,120,False,Unsubscribed,True
223,39,Female,188.99,1392.65,4,26,53.56,4,1,2,32,True,Ignored,True
224,43,Male,168.84,4090.55,3,29,141.05,3,0,5,13,False,Unsubscribed,False
225,45,Male,166.61,2647.3,4,26,101.82,3,4,3,26,True,Unsubscribed,True
226,67,Female,179.77,2369.19,9,44,53.85,5,1,4,1,True,Ignored,False
227,38,Male,147.51,590.48,3,18,32.8,4,4,3,192,False,Unsubscribed,True
228,66,Other,43.27,5168.59,5,50,103.37,1,0,5,167,True,Unsubscribed,False
229,24,Female,94.84,1655.54,2,32,51.74,6,3,2,165,True,Unsubscribed,True
230,34,Male,151.55,565.67,13,18,31.43,7,0,3,107,False,Ignored,True
231,37,Other,74.06,1535.64,5,31,49.54,3,1,1,26,True,Unsubscribed,False
232,58,Male,145.3,2137.94,6,26,82.23,4,2,3,153,False,Responded,True
233,66,Female,29.29,3727.63,6,42,88.75,6,2,4,1,True,Unsubscribed,False
234,37,Male,78.57,1108.41,10,20,55.42,8,2,1,111,False,Ignored,True
235,39,Male,121.1,4528.29,11,51,88.79,4,1,5,274,True,Ignored,False
236,45,Female,135.62,5720.72,2,40,143.02,3,1,3,227,True,Responded,False
237,57,Female,125.98,2592.49,7,44,58.92,2,2,5,171,False,Ignored,False
238,66,Female,147.11,884.83,3,30,29.49,3,4,1,235,False,Ignored,True
239,24,Female,26.07,2549.09,2,40,63.73,0,0,5,122,True,Ignored,False
240,18,Female,42.66,4711.83,12,44,107.09,4,1,2,1,False,Responded,False
241,49,Male,177.07,4095.41,3,37,110.69,0,1,5,106,False,Responded,False
242,30,Male,144.31,3058.31,7,36,84.95,2,4,5,179,True,Responded,False
243,47,Other,44.76,2457.77,2,36,68.27,2,3,1,216,False,Unsubscribed,True
244,40,Female,172.36,1827.68,7,27,67.69,2,1,3,137,True,Responded,True
245,68,Female,67.39,2853.86,2,38,75.1,3,0,3,155,False,Ignored,False
246,36,Male,108.7,3918.13,9,63,62.19,2,2,1,141,False,Responded,False
247,49,Male,50.41,3031.8,12,40,75.8,0,1,1,1,False,Responded,False
248,47,Female,149.27,4059.51,8,37,109.72,1,4,4,242,True,Responded,False
249,46,Other,141.7,4058.94,5,31,130.93,5,0,2,65,False,Responded,False
250,66,Female,61.94,5822.99,9,42,138.64,0,3,5,114,False,Responded,False
251,62,Other,176.1,2353.95,3,29,81.17,1,1,4,250,True,Ignored,False
252,46,Female,95.23,1388.0,4,14,99.14,5,4,1,108,False,Ignored,True
253,47,Male,76.19,785.6,8,9,87.29,7,4,1,150,False,Unsubscribed,True
254,33,Female,51.66,1035.97,1,21,49.33,5,3,4,86,False,Ignored,True
255,57,Male,71.58,3864.36,2,43,89.87,3,0,4,1,True,Ignored,False
256,36,Male,28.85,1151.64,2,16,71.98,6,0,4,96,True,Responded,False
257,35,Other,127.07,639.38,3,15,42.63,2,2,2,9,False,Ignored,True
258,18,Female,172.39,1295.94,4,14,92.57,4,4,4,158,True,Unsubscribed,True
259,31,Female,121.07,71.07,7,1,71.07,3,3,1,164,False,Ignored,True
260,68,Male,63.37,8934.36,6,85,105.11,3,0,2,10,False,Responded,False
261,64,Male,30.89,348.73,5,6,58.12,5,2,1,256,False,Unsubscribed,True
262,67,Male,62.56,3977.28,4,48,82.86,2,4,2,1,False,Responded,False
263,19,Male,97.82,4088.32,5,48,85.17,3,4,4,246,True,Responded,False
264,45,Female,157.93,3725.81,4,52,71.65,2,1,4,165,True,Ignored,False
265,66,Male,57.87,3786.49,6,39,97.09,0,2,5,125,False,Unsubscribed,False
266,67,Female,150.96,1320.19,6,26,50.78,3,4,2,151,False,Unsubscribed,True
267,47,Male,176.71,327.72,5,9,36.41,1,2,4,258,False,Responded,True
268,55,Male,104.44,4207.29,2,41,102.62,5,2,1,166,True,Ignored,False
269,68,Male,168.75,384.11,10,12,32.01,6,2,1,1,True,Unsubscribed,True
270,21,Female,122.07,6472.05,9,76,85.16,3,1,1,162,True,Ignored,False
271,18,Female,136.49,2942.01,9,38,77.42,1,4,5,159,True,Responded,False
272,25,Female,117.1,860.78,2,17,50.63,9,4,4,163,True,Responded,False
273,46,Female,106.06,2276.21,5,26,87.55,6,2,4,192,False,Ignored,True
274,56,Female,66.06,4456.69,7,42,106.11,1,1,5,65,True,Responded,False
275,20,Male,78.06,2608.34,1,30,86.94,6,3,4,212,False,Ignored,True
276,49,Male,75.74,4600.89,5,50,92.02,4,0,1,81,True,Responded,False
277,27,Other,123.58,2956.95,2,32,92.4,4,0,4,80,False,Ignored,False
278,27,Female,45.99,1779.49,7,28,63.55,8,1,2,163,True,Unsubscribed,True
279,36,Male,185.44,4863.37,2,39,124.7,1,3,5,241,True,Unsubscribed,False
280,63,Other,151.11,736.66,4,22,33.48,6,2,1,37,False,Unsubscribed,True
281,51,Female,95.25,1163.53,6,28,41.55,5,3,1,8,True,Ignored,True
282,50,Male,52.76,985.08,5,21,46.91,1,2,2,268,True,Ignored,True
283,40,Female,179.35,3630.95,3,38,95.55,2,0,3,29,True,Responded,False
284,45,Female,169.16,4594.14,2,69,66.58,1,0,3,105,False,Responded,False
285,49,Female,151.3,2361.56,12,39,60.55,2,0,3,246,True,Ignored,False
286,67,Male,72.52,1154.7,3,26,44.41,4,4,1,51,True,Responded,True
287,24,Male,95.43,3600.7,4,56,64.3,3,0,2,79,True,Responded,False
288,46,Female,42.98,4905.34,17,53,92.55,0,0,5,148,False,Responded,False
289,25,Female,58.08,3181.41,8,39,81.57,4,2,4,123,False,Responded,False
290,18,Other,162.03,369.97,5,5,73.99,7,2,1,174,True,Responded,True
291,20,Female,150.13,2789.76,2,38,73.41,8,1,2,176,True,Responded,True
292,41,Male,128.86,1634.24,4,28,58.37,3,2,1,224,False,Responded,True
293,40,Female,181.75,1374.33,15,32,42.95,5,1,3,104,False,Ignored,True
294,25,Male,127.07,5096.93,7,36,141.58,1,3,1,212,False,Ignored,False
295,64,Female,106.72,6479.11,15,47,137.85,0,2,3,46,True,Responded,False
296,54,Female,84.56,6064.71,3,54,112.31,7,0,3,159,False,Ignored,False
297,20,Male,189.58,1363.6,1,23,59.29,5,3,2,176,False,Ignored,True
298,68,Female,39.48,1793.45,9,25,71.74,1,1,5,99,True,Ignored,False
299,50,Male,187.91,4498.77,9,42,107.11,0,2,4,94,True,Unsubscribed,False
300,45,Male,169.68,1575.44,5,27,58.35,1,3,5,120,False,Responded,False
301,64,Male,47.74,1035.99,5,12,86.33,3,2,3,182,False,Unsubscribed,True
302,25,Male,123.87,4623.79,17,52,88.92,2,0,4,157,False,Responded,False
303,51,Other,176.65,2794.85,3,41,68.17,5,4,3,80,False,Responded,False
304,52,Female,125.07,3468.66,2,36,96.35,3,2,4,216,True,Responded,False
305,49,Male,183.76,913.66,12,18,50.76,9,0,5,8,False,Responded,True
306,41,Female,190.02,202.79,1,6,33.8,5,4,2,125,False,Unsubscribed,True
307,31,Male,98.92,1610.97,2,30,53.7,3,0,4,112,True,Unsubscribed,False
308,49,Other,91.03,1639.92,2,23,71.3,8,3,4,89,True,Responded,True
309,63,Female,188.86,815.34,1,14,58.24,1,3,4,167,False,Ignored,True
310,60,Female,143.15,1481.34,6,22,67.33,9,1,1,39,False,Ignored,True
311,33,Male,45.3,905.98,2,22,41.18,5,3,3,160,True,Unsubscribed,True
312,21,Female,32.4,219.31,1,3,73.1,9,4,1,254,False,Unsubscribed,True
313,69,Female,123.81,936.84,1,12,78.07,3,4,3,221,False,Unsubscribed,True
314,54,Other,187.78,1488.68,4,22,67.67,6,3,1,107,True,Responded,True
315,38,Male,172.74,3418.15,7,50,68.36,2,2,2,169,False,Responded,False
316,31,Male,143.27,4445.43,2,40,111.14,2,0,3,141,True,Ignored,False
317,48,Other,49.35,3597.21,14,33,109.01,1,1,5,159,False,Ignored,False
318,65,Female,69.49,2095.19,4,27,77.6,2,3,4,124,True,Responded,False
319,35,Male,178.21,215.98,3,6,36.0,5,3,1,50,False,Ignored,True
320,24,Male,56.99,3082.73,4,43,71.69,2,4,5,78,False,Unsubscribed,False
321,27,Other,73.73,5385.06,7,78,69.04,8,2,5,241,True,Ignored,False
322,24,Male,47.68,7269.73,5,51,142.54,5,0,2,48,True,Responded,False
323,50,Female,143.32,1934.98,4,30,64.5,2,0,5,85,False,Responded,False
324,40,Female,190.2,80.96,1,1,80.96,6,4,3,157,False,Unsubscribed,True
325,38,Male,72.07,507.12,6,10,50.71,7,3,2,212,True,Ignored,True
326,36,Female,108.2,1065.02,3,15,71.0,2,3,1,136,False,Ignored,True
327,65,Male,136.01,5677.35,2,41,138.47,2,0,1,208,False,Ignored,False
328,36,Male,199.91,6687.3,2,57,117.32,5,2,3,102,False,Responded,False
329,53,Female,43.34,923.26,4,22,41.97,2,2,3,145,False,Unsubscribed,True
330,46,Other,112.25,4984.22,2,43,115.91,2,4,5,235,False,Responded,False
331,35,Female,92.4,1143.14,1,19,60.17,9,1,3,133,False,Ignored,True
332,19,Female,176.52,1906.68,5,27,70.62,3,4,5,188,True,Responded,False
333,18,Male,108.29,1837.26,1,25,73.49,1,3,5,192,True,Unsubscribed,True
334,64,Male,44.42,87.79,2,2,43.9,4,1,3,137,False,Responded,True
335,22,Male,136.02,6321.26,6,59,107.14,2,1,5,56,True,Responded,False
336,37,Male,159.89,2806.19,2,31,90.52,1,0,3,114,True,Responded,False
337,28,Male,25.5,644.11,1,10,64.41,8,1,5,196,False,Unsubscribed,True
338,59,Male,175.32,98.08,8,2,49.04,6,4,1,178,False,Ignored,True
339,19,Male,57.55,899.6,5,23,39.11,3,4,4,222,True,Ignored,True
340,20,Male,121.61,451.46,3,8,56.43,7,2,2,17,True,Ignored,True
341,40,Female,97.76,2998.03,2,42,71.38,2,0,5,1,True,Responded,False
342,29,Other,150.94,2105.49,2,27,77.98,1,2,5,1,True,Responded,False
343,37,Male,89.95,2675.55,5,25,107.02,0,0,5,108,True,Ignored,False
344,22,Other,177.21,2510.87,3,31,81.0,1,0,5,106,False,Ignored,False
345,54,Other,152.84,5315.23,13,69,77.03,0,1,5,1,False,Responded,False
346,55,Male,138.35,6669.11,4,58,114.98,2,3,5,240,False,Ignored,False
347,47,Female,164.34,1751.92,4,21,83.42,7,3,3,265,True,Ignored,True
348,26,Female,156.95,1182.61,1,20,59.13,1,2,2,84,False,Unsubscribed,True
349,51,Female,31.29,1675.7,20,26,64.45,3,2,5,223,True,Responded,False
350,61,Male,94.08,560.9,1,9,62.32,5,3,3,200,True,Ignored,True
351,52,Female,187.89,3056.91,12,41,74.56,3,1,4,220,True,Responded,False
352,69,Male,47.0,2670.39,4,45,59.34,3,1,4,87,True,Responded,False
353,39,Female,153.99,1253.1,4,31,40.42,7,2,2,67,False,Ignored,True
354,61,Female,195.55,3062.54,5,62,49.4,6,2,3,94,True,Ignored,False
355,41,Female,34.13,2376.07,11,44,54.0,1,2,4,149,True,Unsubscribed,False
356,34,Female,144.38,6381.05,2,47,135.77,2,1,2,90,False,Unsubscribed,False
357,27,Female,106.93,4244.4,3,72,58.95,1,3,3,194,True,Responded,False
358,47,Male,126.36,2521.58,15,24,105.07,2,2,2,173,True,Ignored,False
359,63,Male,39.93,4447.09,18,49,90.76,3,3,4,57,False,Responded,False
360,40,Other,32.53,3204.38,3,38,84.33,3,2,5,237,True,Responded,False
361,49,Male,141.7,2347.91,6,39,60.2,6,1,4,233,True,Ignored,False
362,34,Male,169.08,1156.86,12,22,52.58,0,3,3,343,True,Unsubscribed,True
363,67,Male,161.85,3695.84,3,38,97.26,1,3,3,116,False,Ignored,False
364,68,Male,120.17,6591.78,3,55,119.85,0,2,5,1,True,Ignored,False
365,34,Other,42.48,2594.07,3,29,89.45,2,0,4,207,True,Ignored,False
366,31,Female,145.41,3177.05,18,47,67.6,3,0,3,193,True,Responded,False
367,26,Other,67.33,438.95,20,8,54.87,3,3,1,331,True,Responded,True
368,57,Female,184.44,3785.67,5,33,114.72,3,0,1,147,False,Unsubscribed,False
369,19,Female,171.7,3878.0,13,41,94.59,3,3,5,191,True,Responded,False
370,62,Male,149.14,573.84,5,17,33.76,7,3,5,39,False,Unsubscribed,True
371,42,Female,191.05,6209.24,6,53,117.16,3,1,4,213,True,Unsubscribed,False
372,56,Male,30.5,2769.24,2,32,86.54,2,2,1,162,True,Unsubscribed,True
373,26,Other,153.84,6510.44,4,55,118.37,1,0,3,123,True,Unsubscribed,False
374,39,Other,82.79,3106.27,20,24,129.43,2,0,4,215,True,Unsubscribed,False
375,60,Male,183.56,4846.02,13,47,103.11,3,0,3,219,True,Ignored,False
376,63,Other,71.67,1372.67,3,20,68.63,8,4,3,184,False,Responded,True
377,21,Other,151.85,1674.79,12,36,46.52,1,0,3,110,False,Unsubscribed,False
378,43,Female,178.59,4835.07,2,53,91.23,8,1,4,258,True,Responded,False
379,46,Male,32.29,268.67,5,8,33.58,6,4,5,229,False,Unsubscribed,True
380,62,Female,94.59,1361.18,2,26,52.35,5,3,2,134,False,Unsubscribed,True
381,51,Female,158.4,2744.08,11,46,59.65,1,2,3,66,True,Responded,False
382,40,Male,104.61,2120.73,7,39,54.38,6,1,2,85,True,Unsubscribed,False
383,54,Male,71.77,69.02,3,1,69.02,6,2,4,101,True,Ignored,True
384,28,Female,63.47,4032.5,8,37,108.99,1,3,2,337,True,Ignored,False
385,23,Male,48.02,5830.6,5,51,114.33,0,1,5,141,True,Responded,False
386,35,Female,175.0,416.19,9,13,32.01,1,3,4,214,True,Unsubscribed,True
387,38,Other,125.69,203.82,4,4,50.96,2,2,2,319,False,Unsubscribed,True
388,59,Other,38.37,1977.84,10,39,50.71,3,1,5,86,False,Ignored,False
389,53,Male,91.95,1560.54,11,19,82.13,5,2,5,100,False,Unsubscribed,True
390,58,Other,89.35,397.29,4,14,28.38,4,2,1,187,False,Ignored,True
391,55,Male,56.8,2476.84,5,38,65.18,1,1,5,19,True,Ignored,False
392,51,Male,101.21,6405.49,2,48,133.45,1,3,2,277,True,Ignored,False
393,34,Female,83.12,1485.04,1,18,82.5,7,2,2,221,False,Unsubscribed,True
394,54,Male,84.82,4594.78,11,69,66.59,2,3,1,244,True,Responded,False
395,42,Male,154.33,1716.56,5,20,85.83,5,3,4,133,True,Unsubscribed,True
396,55,Female,64.07,3073.99,10,36,85.39,1,0,3,246,True,Ignored,False
397,29,Male,137.33,2051.34,7,20,102.57,0,0,3,57,True,Responded,False
398,40,Male,124.86,2917.59,10,29,100.61,1,1,5,65,True,Responded,False
399,59,Female,124.42,452.43,1,9,50.27,4,3,1,233,False,Unsubscribed,True
400,39,Female,141.03,2225.78,1,33,67.45,0,3,3,196,False,Unsubscribed,True
401,38,Female,120.97,2393.57,2,26,92.06,3,2,1,111,True,Unsubscribed,False
402,44,Male,178.87,5780.0,2,52,111.15,3,3,4,191,False,Unsubscribed,False
403,48,Female,143.23,1003.46,5,20,50.17,5,1,2,78,False,Ignored,True
404,23,Male,120.72,434.8,9,12,36.23,5,3,1,160,True,Unsubscribed,True
405,44,Male,170.21,1724.16,3,44,39.19,3,2,2,202,False,Unsubscribed,True
406,57,Female,131.08,1046.18,4,15,69.75,0,2,1,197,False,Ignored,True
407,51,Male,75.95,252.89,3,4,63.22,4,4,2,222,False,Unsubscribed,True
408,29,Male,61.24,3264.95,4,30,108.83,0,2,4,104,True,Responded,False
409,62,Female,51.66,4962.69,3,68,72.98,1,1,5,233,False,Ignored,False
410,24,Female,182.4,403.04,7,7,57.58,1,0,5,186,False,Unsubscribed,True
411,27,Female,149.27,1882.78,1,27,69.73,5,4,2,170,False,Unsubscribed,True
412,62,Male,189.04,311.86,5,9,34.65,9,2,4,169,False,Ignored,True
413,34,Male,130.58,270.76,10,7,38.68,1,3,2,29,True,Unsubscribed,True
414,43,Male,107.85,3416.59,8,43,79.46,1,3,4,278,True,Responded,False
415,38,Male,35.45,50.0,7,1,50.0,6,3,2,64,True,Unsubscribed,True
416,45,Female,142.54,152.02,17,5,30.4,3,4,3,285,False,Ignored,True
417,63,Other,126.89,680.65,5,8,85.08,2,2,1,72,False,Unsubscribed,True
418,19,Female,198.29,803.79,2,18,44.66,2,3,2,10,False,Responded,True
419,60,Female,66.85,1937.42,1,31,62.5,0,4,1,174,True,Unsubscribed,True
420,18,Female,117.88,79.31,7,1,79.31,4,2,4,258,True,Responded,False
421,68,Female,138.92,1186.22,10,17,69.78,3,3,2,365,True,Ignored,False
422,53,Male,137.8,2631.8,2,28,93.99,4,4,3,110,True,Responded,True
423,68,Female,123.23,3364.27,7,61,55.15,3,1,5,80,True,Ignored,False
424,43,Female,160.96,1799.44,1,40,44.99,4,2,4,219,False,Unsubscribed,True
425,46,Male,60.87,2788.07,5,33,84.49,2,1,4,128,False,Responded,False
426,38,Male,151.98,2119.92,6,51,41.57,0,2,4,104,False,Ignored,False
427,28,Other,133.45,4044.41,15,41,98.64,5,2,3,58,True,Responded,False
428,57,Male,181.81,3471.84,5,66,52.6,6,3,3,74,True,Responded,False
429,28,Male,173.26,1254.92,4,29,43.27,3,1,1,198,False,Ignored,True
430,53,Female,80.15,5544.06,8,67,82.75,1,1,2,141,True,Unsubscribed,False
431,66,Female,73.34,6814.17,10,55,123.89,4,1,1,103,False,Responded,False
432,56,Female,196.79,8472.7,4,67,126.46,4,0,5,101,True,Responded,False
433,57,Female,117.27,2430.13,8,19,127.9,4,0,3,36,True,Responded,False
434,52,Male,183.62,2827.22,3,63,44.88,0,0,1,202,False,Responded,False
435,51,Female,53.68,1563.18,3,29,53.9,5,2,5,228,True,Responded,False
436,64,Male,137.49,3417.7,7,33,103.57,3,1,5,201,False,Unsubscribed,False
437,41,Other,166.73,3361.34,2,36,93.37,2,1,5,189,True,Unsubscribed,False
438,39,Female,190.79,2662.11,8,50,53.24,0,1,2,187,False,Responded,False
439,22,Male,84.03,798.98,2,29,27.55,4,3,2,157,False,Unsubscribed,True
440,50,Male,151.87,3501.82,2,39,89.79,4,2,1,84,False,Ignored,True
441,53,Male,119.29,4818.39,6,39,123.55,1,1,5,137,True,Responded,False
442,64,Male,35.61,82.27,4,1,82.27,0,4,1,182,False,Unsubscribed,True
443,37,Male,145.75,600.54,1,8,75.07,7,3,2,65,True,Unsubscribed,True
444,36,Female,145.77,1013.59,20,18,56.31,6,3,2,1,False,Unsubscribed,True
445,52,Female,187.86,707.79,1,11,64.34,7,2,1,205,False,Responded,True
446,69,Male,112.03,1140.75,1,19,60.04,7,3,3,297,True,Unsubscribed,True
447,60,Male,65.29,1512.34,3,25,60.49,8,3,1,106,False,Unsubscribed,True
448,34,Male,32.8,3494.54,15,54,64.71,3,1,1,198,True,Responded,False
449,62,Other,97.74,990.17,4,20,49.51,1,2,3,249,False,Ignored,True
450,60,Male,77.84,1505.62,7,22,68.44,3,4,2,365,True,Unsubscribed,True
451,51,Female,158.19,70.39,7,1,70.39,5,3,1,163,True,Unsubscribed,True
452,26,Other,87.0,515.93,9,14,36.85,7,2,1,255,True,Unsubscribed,True
453,43,Female,191.09,2137.88,5,19,112.52,8,0,4,53,True,Responded,False
454,19,Other,193.4,2085.45,5,37,56.36,1,3,4,112,True,Ignored,False
455,26,Male,133.66,2323.79,11,37,62.81,1,1,5,180,True,Ignored,False
456,26,Other,187.52,476.6,8,19,25.08,4,4,3,5,False,Unsubscribed,True
457,57,Male,158.15,1015.46,8,17,59.73,1,1,5,181,True,Unsubscribed,True
458,34,Male,120.7,1622.92,3,24,67.62,3,4,5,168,False,Unsubscribed,True
459,18,Female,56.55,5251.96,6,50,105.04,1,0,3,106,False,Responded,False
460,42,Other,105.25,6939.95,20,64,108.44,4,0,5,205,True,Ignored,False
461,60,Other,123.15,5705.22,4,59,96.7,6,2,2,116,True,Responded,False
462,57,Male,176.19,3973.19,20,55,72.24,1,1,5,88,False,Responded,False
463,59,Male,109.23,1310.0,3,29,45.17,2,1,1,154,True,Responded,True
464,42,Other,182.09,1614.89,4,35,46.14,9,3,1,131,True,Responded,True
465,56,Male,143.01,3728.26,6,45,82.85,6,4,5,156,True,Responded,False
466,52,Female,48.97,5295.75,6,44,120.36,2,3,5,87,True,Responded,False
467,20,Other,199.12,1364.92,10,21,65.0,1,2,5,211,True,Responded,False
468,67,Female,117.27,2608.17,5,26,100.31,2,2,5,108,True,Responded,False
469,54,Male,93.58,663.99,13,10,66.4,3,4,3,187,True,Unsubscribed,True
470,61,Female,140.34,4070.94,3,50,81.42,3,0,4,199,True,Ignored,False
471,61,Male,44.06,4882.66,3,60,81.38,1,1,4,138,True,Responded,False
472,68,Other,136.39,5086.38,8,46,110.57,3,0,4,260,True,Unsubscribed,False
473,47,Female,112.19,1992.28,4,25,79.69,6,2,1,94,True,Unsubscribed,True
474,55,Other,96.17,2029.68,3,32,63.43,5,1,4,175,True,Ignored,False
475,51,Male,191.78,1552.51,3,18,86.25,1,0,4,79,True,Responded,False
476,29,Other,116.44,2041.4,5,35,58.33,7,3,3,165,False,Ignored,True
477,36,Female,63.35,2568.69,1,33,77.84,1,2,4,89,False,Unsubscribed,True
478,54,Male,105.32,384.51,6,8,48.06,5,1,3,255,False,Unsubscribed,True
479,61,Male,185.89,51.36,3,1,51.36,1,1,3,160,False,Ignored,True
480,66,Female,55.82,1746.22,2,27,64.67,3,2,2,199,True,Unsubscribed,True
481,34,Female,62.44,638.8,1,10,63.88,5,3,2,199,False,Responded,True
482,27,Other,27.28,2715.97,8,33,82.3,1,3,5,89,False,Ignored,False
483,66,Male,27.48,4712.48,2,38,124.01,4,4,5,262,False,Unsubscribed,False
484,64,Male,170.14,3037.54,3,35,86.79,5,1,5,174,True,Responded,False
485,29,Female,153.12,1288.58,2,23,56.03,0,4,1,256,False,Unsubscribed,True
486,33,Male,87.13,3670.63,11,26,141.18,1,1,5,222,True,Ignored,False
487,41,Female,147.2,4745.34,12,43,110.36,0,0,5,39,True,Ignored,False
488,36,Other,94.16,3019.34,8,49,61.62,4,4,2,105,False,Unsubscribed,False
489,25,Other,191.76,3121.92,8,34,91.82,0,2,5,69,True,Unsubscribed,False
490,48,Other,194.23,5803.5,4,48,120.91,1,2,5,135,True,Ignored,False
491,38,Female,93.74,222.55,8,6,37.09,3,3,1,186,False,Unsubscribed,True
492,34,Male,174.49,1920.82,2,36,53.36,7,2,2,192,False,Unsubscribed,True
493,40,Female,160.29,1015.02,10,26,39.04,3,4,5,240,False,Ignored,True
494,54,Female,79.25,4530.58,11,39,116.17,2,0,4,35,True,Unsubscribed,False
495,33,Other,65.61,6778.86,3,46,147.37,1,2,5,173,False,Responded,False
496,23,Male,105.19,2733.59,17,29,94.26,2,1,3,154,False,Ignored,False
497,25,Female,161.74,2236.73,8,20,111.84,2,3,3,155,True,Ignored,False
498,42,Male,193.03,2062.58,3,19,108.56,4,0,3,41,False,Responded,False
499,35,Female,158.63,667.64,4,9,74.18,4,2,5,255,False,Unsubscribed,True
500,42,Other,174.66,1295.92,5,34,38.12,6,4,3,94,False,Ignored,True
501,29,Female,130.54,480.19,7,9,53.35,8,0,1,344,False,Unsubscribed,True
502,32,Male,171.2,2147.41,11,23,93.37,3,1,5,82,True,Ignored,False
503,43,Other,162.27,5730.34,15,45,127.34,4,3,3,154,False,Ignored,False
504,58,Female,90.97,840.65,8,19,44.24,0,3,2,269,True,Unsubscribed,True
505,62,Male,121.6,933.8,1,13,71.83,6,2,5,188,False,Ignored,True
506,43,Male,165.83,1976.09,2,21,94.1,0,3,1,83,False,Unsubscribed,True
507,64,Male,33.06,953.74,9,29,32.89,9,0,4,176,False,Ignored,True
508,49,Male,166.41,2558.73,7,41,62.41,3,2,5,46,True,Unsubscribed,False
509,27,Other,56.13,453.1,6,14,32.36,2,4,3,208,True,Unsubscribed,True
510,33,Female,115.07,542.27,7,9,60.25,6,0,3,67,False,Unsubscribed,True
511,24,Other,166.45,3583.89,9,34,105.41,8,4,4,53,True,Unsubscribed,False
512,34,Male,69.42,1184.74,2,22,53.85,2,3,2,152,False,Unsubscribed,True
513,40,Male,68.02,5311.17,3,47,113.0,3,1,4,40,False,Responded,False
514,43,Female,95.48,2840.42,6,40,71.01,5,3,5,44,True,Ignored,False
515,38,Male,181.56,5057.24,2,67,75.48,4,1,2,182,True,Responded,False
516,39,Female,25.08,656.25,1,13,50.48,3,3,1,5,True,Ignored,True
517,24,Other,182.74,2872.07,2,34,84.47,1,0,5,148,True,Ignored,False
518,31,Female,51.92,7524.77,2,65,115.77,2,3,5,80,True,Unsubscribed,False
519,32,Female,198.27,1312.45,2,21,62.5,5,4,2,252,False,Ignored,True
520,24,Male,192.1,2427.07,2,28,86.68,0,0,5,1,False,Responded,False
521,26,Male,111.57,3808.26,11,42,90.67,2,2,4,219,False,Ignored,False
522,68,Male,114.73,1154.37,1,21,54.97,8,4,3,98,False,Unsubscribed,True
523,65,Female,109.27,326.41,7,6,54.4,4,4,4,269,True,Unsubscribed,True
524,25,Male,136.2,7988.75,9,60,133.15,1,4,3,194,True,Responded,False
525,67,Male,40.88,3395.57,3,31,109.53,5,1,4,1,True,Responded,False
526,40,Female,30.71,1844.94,11,26,70.96,2,1,1,178,False,Unsubscribed,True
527,46,Male,35.1,1061.51,2,17,62.44,6,2,1,283,False,Unsubscribed,True
528,35,Male,102.76,1506.02,5,35,43.03,1,2,3,186,True,Responded,False
529,48,Male,73.22,1787.5,4,34,52.57,1,3,2,268,False,Unsubscribed,True
530,47,Other,133.86,5075.8,6,38,133.57,1,1,5,24,True,Ignored,False
531,69,Female,198.68,388.22,3,8,48.53,8,4,1,217,False,Ignored,True
532,56,Female,92.61,3215.6,9,47,68.42,5,0,3,66,False,Responded,False
533,52,Male,125.42,356.89,1,7,50.98,7,3,5,228,True,Unsubscribed,True
534,35,Other,97.73,4067.92,7,38,107.05,1,0,4,216,True,Responded,False
535,59,Female,173.27,1804.01,1,22,82.0,3,3,2,161,False,Unsubscribed,True
536,56,Male,182.89,1902.47,7,21,90.59,1,1,3,105,False,Responded,False
537,34,Other,178.54,4419.67,6,66,66.96,1,4,4,131,True,Ignored,False
538,31,Male,195.52,4741.63,3,44,107.76,2,3,5,98,False,Responded,False
539,48,Female,29.82,1382.86,2,30,46.1,6,3,2,107,True,Ignored,True
540,41,Female,171.97,2561.59,11,58,44.17,1,2,3,209,True,Ignored,False
541,52,Male,156.56,2182.52,5,30,72.75,1,4,4,159,True,Responded,False
542,61,Other,65.02,2251.77,7,45,50.04,0,0,3,65,False,Responded,False
543,62,Female,192.36,3079.18,2,28,109.97,1,4,5,123,False,Responded,False
544,51,Female,50.93,3149.73,7,35,89.99,6,4,4,103,False,Ignored,False
545,20,Male,143.92,5734.87,4,56,102.41,4,3,5,193,False,Unsubscribed,False
546,54,Male,64.36,186.54,6,4,46.64,9,4,1,212,True,Responded,True
547,60,Male,100.49,728.61,4,17,42.86,0,0,3,135,False,Ignored,True
548,57,Female,150.85,2226.65,1,28,79.52,5,4,2,111,False,Ignored,True
549,43,Male,123.58,1487.53,2,15,99.17,6,1,2,235,False,Unsubscribed,True
550,40,Female,99.81,2932.77,6,43,68.2,1,0,4,169,False,Ignored,False
551,61,Female,82.11,2036.05,4,32,63.63,4,0,3,122,True,Responded,False
552,56,Male,171.94,4467.31,12,49,91.17,1,1,5,1,False,Responded,False
553,32,Female,50.17,611.77,1,12,50.98,5,3,3,62,False,Ignored,True
554,66,Male,100.27,1720.71,10,20,86.04,4,3,1,255,False,Ignored,False
555,21,Other,183.16,427.05,6,13,32.85,4,4,1,169,False,Responded,True
556,46,Female,173.02,1151.07,6,17,67.71,6,3,3,16,True,Unsubscribed,True
557,39,Male,95.16,1740.4,7,33,52.74,0,2,5,240,True,Unsubscribed,False
558,42,Male,158.54,5051.14,5,50,101.02,0,0,2,122,True,Unsubscribed,False
559,30,Female,169.05,3908.38,3,47,83.16,0,1,3,77,True,Ignored,False
560,35,Female,180.56,6226.91,6,59,105.54,3,3,5,82,True,Ignored,False
561,50,Female,120.29,2149.04,12,31,69.32,1,0,4,69,True,Responded,False
562,33,Female,60.78,2298.59,9,34,67.61,2,2,2,118,False,Unsubscribed,True
563,62,Male,69.68,268.86,11,6,44.81,5,4,2,137,True,Unsubscribed,True
564,59,Male,76.75,1901.5,3,31,61.34,3,4,1,93,False,Unsubscribed,True
565,61,Male,128.92,3417.52,8,31,110.24,1,3,5,108,True,Ignored,False
566,19,Female,30.74,6131.84,6,62,98.9,0,1,4,124,True,Ignored,False
567,52,Other,136.31,110.91,8,2,55.46,0,3,2,35,False,Responded,True
568,59,Female,88.76,2755.34,10,23,119.8,3,0,3,77,False,Responded,False
569,51,Male,76.67,7305.06,5,52,140.48,2,1,5,289,False,Unsubscribed,False
570,47,Female,178.91,961.49,1,18,53.42,9,3,1,173,False,Ignored,True
571,30,Other,105.5,2457.0,7,37,66.41,0,3,3,110,True,Responded,False
572,30,Female,41.63,3512.17,4,42,83.62,0,1,3,157,True,Responded,False
573,35,Other,169.68,1185.8,5,16,74.11,4,4,1,127,False,Unsubscribed,True
574,49,Male,33.34,2708.53,8,38,71.28,4,1,4,57,False,Responded,False
575,49,Male,152.18,5764.92,11,46,125.32,1,0,5,177,False,Unsubscribed,False
576,52,Other,160.43,1013.59,10,15,67.57,3,2,3,200,True,Unsubscribed,True
577,56,Female,86.71,3019.85,9,45,67.11,1,0,5,1,True,Responded,False
578,63,Male,169.34,4725.05,2,58,81.47,3,1,5,27,False,Responded,False
579,69,Female,115.24,3805.62,2,60,63.43,4,2,5,93,True,Responded,False
580,46,Other,106.08,795.55,1,17,46.8,3,2,5,148,False,Unsubscribed,True
581,66,Female,32.95,3675.49,2,54,68.06,2,1,5,1,False,Responded,False
582,46,Female,75.76,2106.29,5,27,78.01,0,0,5,173,True,Responded,False
583,61,Male,187.93,1661.59,1,28,59.34,7,1,1,216,False,Unsubscribed,True
584,33,Female,93.57,2011.01,3,34,59.15,1,3,4,137,False,Unsubscribed,True
585,61,Female,120.67,3044.99,5,39,78.08,3,1,5,1,False,Unsubscribed,True
586,64,Other,118.1,3317.36,9,48,69.11,8,2,5,242,False,Unsubscribed,False
587,27,Other,128.33,944.51,2,14,67.46,5,4,5,75,True,Unsubscribed,True
588,47,Other,35.73,1072.51,3,17,63.09,2,3,3,58,False,Ignored,True
589,42,Male,88.38,5197.43,4,60,86.62,0,0,2,295,True,Responded,False
590,56,Female,151.55,6278.55,2,50,125.57,0,1,5,167,False,Unsubscribed,False
591,37,Female,60.1,2252.99,9,35,64.37,5,1,4,221,True,Unsubscribed,False
592,22,Female,60.63,1712.71,2,29,59.06,9,4,4,277,False,Responded,True
593,18,Female,26.77,1306.28,5,28,46.65,4,2,2,359,True,Unsubscribed,True
594,47,Other,101.56,1715.17,2,28,61.26,1,4,1,17,False,Unsubscribed,True
595,66,Female,179.48,865.51,2,25,34.62,6,4,3,161,False,Ignored,True
596,20,Female,34.08,2909.04,6,23,126.48,4,1,2,62,True,Unsubscribed,False
597,62,Male,58.45,3430.79,4,45,76.24,1,0,5,156,True,Ignored,False
598,31,Male,79.26,970.04,20,27,35.93,9,4,2,230,False,Ignored,True
599,47,Female,153.05,2222.12,2,42,52.91,8,3,3,125,False,Ignored,True
600,67,Female,137.11,1408.15,1,19,74.11,4,2,3,16,False,Unsubscribed,True
601,21,Male,97.79,1854.52,2,18,103.03,2,0,5,160,False,Responded,False
602,35,Male,157.84,3861.52,3,45,85.81,3,3,3,202,False,Ignored,False
603,54,Female,131.69,3930.64,12,51,77.07,3,2,3,67,True,Ignored,False
604,42,Male,181.81,3548.96,2,54,65.72,7,0,5,2,True,Responded,False
605,65,Male,168.15,1511.3,9,29,52.11,5,4,1,264,True,Ignored,True
606,18,Male,69.24,142.83,1,2,71.42,0,1,2,99,False,Responded,True
607,63,Male,72.5,4627.53,2,43,107.62,7,3,5,140,True,Responded,False
608,32,Male,46.94,4558.38,2,71,64.2,6,2,4,225,False,Ignored,False
609,26,Male,83.97,1030.22,2,18,57.23,7,0,1,250,True,Ignored,True
610,32,Female,199.92,530.67,2,9,58.96,4,4,2,127,False,Responded,True
611,66,Other,96.01,1195.53,8,9,132.84,3,4,4,190,True,Responded,False
612,41,Female,63.59,2465.64,6,37,66.64,1,4,4,106,False,Ignored,False
613,21,Female,158.43,1242.43,1,22,56.47,3,4,4,254,False,Unsubscribed,True
614,29,Male,119.93,604.94,13,18,33.61,1,1,1,196,False,Unsubscribed,True
615,54,Male,51.18,1847.46,2,28,65.98,4,4,2,62,False,Unsubscribed,True
616,54,Female,91.62,69.04,1,1,69.04,2,4,2,153,False,Ignored,True
617,60,Male,97.53,2318.71,2,31,74.8,3,2,1,56,True,Ignored,True
618,23,Female,156.92,644.78,1,16,40.3,6,4,1,190,False,Ignored,True
619,56,Female,28.62,2254.78,5,36,62.63,0,4,1,257,True,Ignored,True
620,63,Female,72.08,3263.71,2,65,50.21,4,3,4,133,True,Ignored,False
621,41,Male,115.58,606.94,3,16,37.93,3,3,1,77,False,Unsubscribed,True
622,28,Male,72.05,4733.0,20,43,110.07,3,0,4,272,False,Ignored,False
623,30,Female,134.98,1144.82,4,24,47.7,4,2,5,206,False,Unsubscribed,True
624,51,Male,109.33,5758.34,14,47,122.52,4,1,3,138,False,Responded,False
625,42,Female,88.3,1599.1,4,24,66.63,2,1,5,1,True,Responded,False
626,24,Female,191.11,3021.72,4,37,81.67,6,4,5,74,False,Responded,True
627,69,Other,135.63,2566.17,5,38,67.53,7,1,4,207,False,Responded,False
628,21,Male,47.74,1794.87,10,24,74.79,0,1,4,77,True,Unsubscribed,True
629,25,Other,123.02,1853.86,1,19,97.57,5,1,2,55,False,Unsubscribed,True
630,37,Female,161.63,945.77,16,17,55.63,6,3,5,244,False,Ignored,True
631,46,Male,148.99,245.88,3,8,30.74,4,3,3,1,False,Unsubscribed,True
632,68,Male,55.12,5336.01,15,47,113.53,0,2,5,206,True,Ignored,False
633,62,Female,195.17,5096.48,9,58,87.87,3,4,5,224,False,Ignored,False
634,63,Male,103.54,496.96,1,11,45.18,2,4,3,322,False,Unsubscribed,True
635,27,Male,52.83,482.28,3,9,53.59,4,2,2,153,True,Ignored,True
636,60,Male,56.53,5806.04,9,43,135.02,4,1,3,104,False,Ignored,False
637,51,Other,42.19,4633.42,3,50,92.67,1,0,5,176,True,Ignored,False
638,43,Female,165.62,824.09,5,21,39.24,3,2,2,149,False,Responded,True
639,58,Female,46.36,6537.36,3,54,121.06,5,1,1,142,True,Ignored,False
640,66,Male,46.9,1095.33,2,16,68.46,6,2,3,115,False,Ignored,True
641,20,Male,173.83,2562.96,5,37,69.27,0,0,2,132,True,Responded,False
642,23,Female,85.31,1205.82,5,21,57.42,1,0,5,245,True,Responded,False
643,22,Female,30.4,989.42,9,12,82.45,0,1,2,126,False,Responded,False
644,22,Male,34.08,1795.62,3,24,74.82,5,1,1,85,True,Unsubscribed,True
645,64,Female,49.88,2527.42,2,31,81.53,2,0,3,227,True,Responded,False
646,40,Other,62.34,2563.39,8,38,67.46,1,1,5,45,False,Ignored,False
647,66,Female,141.4,542.32,4,7,77.47,3,4,1,257,False,Ignored,True
648,26,Female,52.53,1120.44,3,18,62.25,5,4,2,145,False,Responded,True
649,52,Other,45.8,1402.07,3,21,66.77,4,3,2,163,True,Unsubscribed,True
650,37,Male,158.83,2014.61,7,25,80.58,6,4,1,208,True,Unsubscribed,True
651,66,Female,142.43,3357.18,7,28,119.9,0,3,5,197,True,Responded,False
652,59,Other,101.18,1103.47,9,24,45.98,8,4,4,128,False,Unsubscribed,True
653,52,Male,121.13,1234.01,1,18,68.56,4,2,2,107,False,Ignored,True
654,67,Female,79.6,1402.87,2,20,70.14,1,4,4,365,False,Ignored,True
655,35,Female,109.44,1030.13,2,19,54.22,5,4,1,156,False,Responded,True
656,34,Female,113.67,1657.17,2,17,97.48,9,3,1,184,False,Responded,True
657,41,Female,92.77,790.54,7,20,39.53,6,0,4,349,False,Unsubscribed,True
658,20,Other,183.65,1898.49,1,36,52.74,1,2,2,117,True,Unsubscribed,True
659,49,Female,27.81,7408.49,8,60,123.47,7,0,2,76,True,Ignored,False
660,52,Male,161.88,92.45,1,2,46.22,4,1,1,202,False,Unsubscribed,True
661,55,Other,46.77,1935.25,2,21,92.15,1,2,5,161,True,Ignored,False
662,30,Male,164.57,891.39,11,26,34.28,5,2,3,215,False,Unsubscribed,True
663,64,Male,132.78,344.26,4,5,68.85,2,4,3,107,False,Unsubscribed,True
664,42,Female,172.57,1813.47,2,27,67.17,4,3,2,227,False,Unsubscribed,True
665,26,Female,42.07,79.45,8,1,79.45,3,2,5,212,True,Ignored,False
666,21,Female,122.82,2519.99,18,34,74.12,2,0,2,240,True,Responded,False
667,31,Other,112.69,1549.01,7,33,46.94,4,1,3,365,True,Unsubscribed,True
668,54,Female,148.58,3650.94,5,51,71.59,0,2,5,156,True,Ignored,False
669,51,Female,118.5,3787.08,8,38,99.66,2,0,3,151,False,Responded,False
670,28,Male,119.63,2150.99,4,28,76.82,2,0,5,65,True,Responded,False
671,58,Other,100.18,881.85,5,17,51.87,4,3,3,72,False,Unsubscribed,True
672,20,Other,79.05,651.39,2,13,50.11,7,4,2,136,True,Ignored,True
673,45,Female,109.4,1419.36,5,26,54.59,8,4,5,21,False,Unsubscribed,True
674,46,Male,45.74,1873.29,7,23,81.45,4,4,1,151,True,Unsubscribed,True
675,26,Male,193.26,2830.14,7,49,57.76,2,0,2,202,False,Ignored,False
676,20,Male,150.02,3367.3,10,36,93.54,3,2,5,270,False,Ignored,False
677,42,Male,191.68,4010.76,4,55,72.92,0,1,1,157,False,Ignored,False
678,51,Male,64.68,2033.62,10,24,84.73,0,0,4,141,True,Unsubscribed,False
679,29,Other,178.88,118.88,2,2,59.44,6,4,4,160,True,Responded,True
680,59,Female,166.54,5377.36,6,65,82.73,2,0,4,36,True,Responded,False
681,26,Male,143.5,1395.49,12,23,60.67,5,4,4,213,False,Ignored,True
682,32,Male,134.38,487.19,5,8,60.9,5,4,2,234,False,Unsubscribed,True
683,57,Male,80.4,1937.49,10,43,45.06,0,1,2,236,False,Ignored,True
684,42,Male,167.87,6111.09,2,48,127.31,0,2,4,181,False,Ignored,False
685,22,Male,112.77,590.89,4,13,45.45,3,3,2,76,True,Unsubscribed,True
686,28,Male,37.41,1173.11,3,16,73.32,2,1,3,132,True,Responded,False
687,51,Female,79.75,3729.42,2,50,74.59,2,1,4,246,True,Unsubscribed,False
688,41,Other,188.68,801.51,1,15,53.43,2,3,1,128,False,Unsubscribed,True
689,32,Male,173.87,5519.68,4,77,71.68,5,1,3,16,True,Unsubscribed,False
690,55,Female,196.83,451.45,2,5,90.29,5,0,4,149,False,Responded,False
691,25,Other,134.9,1620.57,1,24,67.52,4,2,2,182,False,Unsubscribed,True
692,22,Male,68.31,285.9,4,3,95.3,4,2,1,240,False,Unsubscribed,True
693,65,Male,53.49,1256.07,2,28,44.86,4,3,2,117,False,Ignored,True
694,43,Other,57.71,669.9,1,22,30.45,3,0,1,133,False,Ignored,True
695,35,Male,28.46,789.9,2,17,46.46,0,4,3,79,False,Ignored,True
696,23,Female,93.37,1939.68,5,33,58.78,2,3,3,66,True,Ignored,False
697,54,Female,58.5,1336.48,1,26,51.4,4,4,4,226,True,Ignored,True
698,65,Male,97.04,1780.11,5,27,65.93,4,2,5,90,True,Unsubscribed,False
699,30,Male,188.62,7041.84,3,57,123.54,1,0,3,200,False,Unsubscribed,False
700,45,Female,100.34,7206.75,3,60,120.11,4,4,4,139,False,Ignored,False
701,22,Male,178.65,1254.31,3,32,39.2,9,3,3,209,False,Ignored,True
702,30,Male,130.96,1929.16,4,20,96.46,1,0,3,134,False,Ignored,True
703,34,Female,68.25,1322.34,1,25,52.89,4,4,2,108,False,Ignored,True
704,67,Female,87.27,1876.0,5,28,67.0,5,3,2,175,False,Unsubscribed,True
705,57,Male,39.69,927.3,2,19,48.81,9,3,2,365,True,Unsubscribed,True
706,62,Other,83.36,3628.74,3,38,95.49,1,3,5,194,True,Responded,False
707,49,Male,143.57,5668.35,9,46,123.22,3,1,3,32,False,Unsubscribed,False
708,46,Other,37.62,2666.04,4,50,53.32,5,1,4,11,True,Responded,False
709,68,Female,60.95,991.73,1,14,70.84,6,3,3,239,False,Ignored,True
710,20,Female,91.75,2052.86,1,21,97.76,6,0,3,80,True,Unsubscribed,True
711,57,Female,196.86,464.02,1,9,51.56,5,4,4,342,True,Unsubscribed,True
712,51,Other,162.35,2156.03,3,26,82.92,1,0,2,183,True,Unsubscribed,True
713,57,Male,153.36,4467.01,7,49,91.16,1,0,5,223,True,Ignored,False
714,44,Female,45.33,4225.22,7,55,76.82,2,0,2,68,True,Responded,False
715,30,Male,161.67,4117.16,12,38,108.35,2,0,3,124,False,Responded,False
716,62,Male,162.42,4758.29,4,45,105.74,4,0,1,201,False,Responded,False
717,50,Male,130.19,4220.13,7,55,76.73,0,0,3,309,False,Responded,False
718,23,Other,198.31,1055.81,20,25,42.23,6,1,3,29,True,Unsubscribed,True
719,41,Other,81.92,562.76,5,20,28.14,5,1,2,150,True,Unsubscribed,True
720,36,Male,189.72,1594.87,3,14,113.92,0,2,5,63,False,Responded,False
721,33,Male,185.08,442.31,1,13,34.02,4,3,5,333,True,Unsubscribed,True
722,57,Female,27.01,1969.43,3,35,56.27,3,0,5,212,True,Responded,False
723,45,Female,103.77,468.25,4,12,39.02,4,4,3,149,False,Ignored,True
724,50,Male,195.99,8439.61,9,73,115.61,1,2,1,139,True,Unsubscribed,False
725,65,Female,43.05,5646.06,6,73,77.34,0,4,4,75,False,Ignored,False
726,58,Female,120.86,3670.54,3,32,114.7,7,0,5,146,True,Unsubscribed,False
727,30,Other,196.32,1797.39,3,23,78.15,0,0,3,207,True,Unsubscribed,False
728,60,Male,122.21,2508.06,3,34,73.77,8,0,5,1,True,Ignored,False
729,62,Female,58.22,3507.92,2,31,113.16,0,2,5,74,True,Ignored,False
730,42,Female,126.88,3514.19,2,32,109.82,4,0,2,55,True,Responded,False
731,59,Female,60.78,1244.55,5,27,46.09,1,4,4,242,True,Ignored,False
732,53,Female,115.95,6536.59,5,46,142.1,4,2,3,157,True,Ignored,False
733,44,Female,37.96,2836.83,1,31,91.51,4,2,3,147,False,Ignored,True
734,55,Male,130.96,1422.92,5,33,43.12,2,2,1,86,True,Unsubscribed,True
735,24,Other,115.44,493.65,2,12,41.14,5,3,2,153,False,Unsubscribed,True
736,22,Female,154.53,2782.92,1,29,95.96,2,4,2,252,True,Responded,True
737,60,Male,135.37,2695.16,9,34,79.27,3,3,1,173,False,Unsubscribed,True
738,62,Female,121.18,2683.43,3,42,63.89,2,1,1,132,True,Unsubscribed,False
739,68,Male,145.71,633.28,5,11,57.57,8,3,4,121,True,Unsubscribed,True
740,48,Male,50.19,6037.97,4,60,100.63,1,0,5,158,False,Unsubscribed,False
741,40,Other,129.19,1548.25,5,25,61.93,3,4,4,143,False,Unsubscribed,True
742,59,Female,55.12,1111.91,6,25,44.48,1,3,4,75,True,Ignored,True
743,27,Female,186.97,1218.64,16,23,52.98,5,4,4,1,False,Unsubscribed,True
744,49,Male,36.96,998.28,2,18,55.46,4,4,5,188,False,Unsubscribed,True
745,60,Female,100.32,5380.53,2,64,84.07,1,1,2,1,True,Ignored,False
746,47,Male,146.76,537.59,2,9,59.73,5,3,3,145,False,Ignored,True
747,56,Male,105.15,1659.35,1,19,87.33,4,2,3,211,True,Ignored,True
748,48,Other,41.12,1597.38,4,30,53.25,2,4,1,101,False,Responded,True
749,35,Female,121.84,1397.64,1,20,69.88,6,4,2,43,False,Unsubscribed,True
750,53,Female,137.29,571.19,8,8,71.4,3,3,5,164,False,Ignored,True
751,19,Male,148.16,1273.62,1,17,74.92,5,4,2,178,True,Unsubscribed,True
752,31,Other,90.32,801.96,2,15,53.46,5,3,4,82,True,Unsubscribed,True
753,30,Female,123.64,1410.42,7,28,50.37,4,4,1,123,False,Unsubscribed,True
754,46,Female,103.87,2645.44,10,23,115.02,2,3,4,1,True,Responded,False
755,29,Female,142.61,400.61,4,6,66.77,6,3,3,270,False,Ignored,True
756,56,Male,127.12,945.06,1,25,37.8,0,4,1,179,False,Unsubscribed,True
757,19,Male,117.01,3533.97,11,39,90.61,4,0,3,1,True,Ignored,False
758,49,Female,68.67,883.18,3,10,88.32,8,0,2,147,False,Responded,True
759,30,Male,25.35,4230.85,7,38,111.34,0,0,2,142,False,Ignored,False
760,63,Male,55.46,3854.13,5,51,75.57,6,1,1,169,True,Responded,False
761,44,Other,45.49,1659.53,20,15,110.64,1,1,5,107,True,Ignored,False
762,66,Female,103.59,1326.81,2,18,73.71,1,2,1,170,False,Unsubscribed,True
763,58,Female,132.15,5632.34,5,54,104.3,3,3,1,23,True,Unsubscribed,False
764,34,Female,62.29,68.66,8,1,68.66,4,0,5,282,True,Unsubscribed,True
765,57,Female,189.33,717.73,9,14,51.27,2,4,3,266,False,Ignored,True
766,48,Male,26.17,1707.39,4,25,68.3,1,3,4,210,True,Responded,True
767,51,Male,160.15,5305.43,6,52,102.03,7,3,5,177,True,Responded,False
768,41,Male,134.41,2600.67,2,29,89.68,6,4,1,1,False,Unsubscribed,True
769,62,Male,90.37,1884.19,1,29,64.97,2,4,2,100,False,Ignored,True
770,52,Female,33.84,6833.93,5,61,112.03,3,1,3,99,False,Ignored,False
771,65,Male,134.81,653.61,1,11,59.42,3,2,5,285,False,Ignored,True
772,23,Female,92.48,1092.68,17,26,42.03,7,4,1,230,False,Ignored,True
773,36,Male,188.85,3029.92,9,31,97.74,1,4,5,1,True,Unsubscribed,False
774,47,Male,119.85,52.9,4,1,52.9,0,1,5,261,False,Unsubscribed,True
775,24,Female,189.44,3098.87,3,39,79.46,6,1,2,177,True,Responded,False
776,27,Male,63.58,1291.41,4,24,53.81,5,4,2,39,False,Ignored,True
777,58,Male,152.0,1974.29,14,32,61.7,5,1,3,121,False,Unsubscribed,True
778,49,Male,133.02,2094.12,2,39,53.7,0,3,3,62,True,Ignored,False
779,51,Male,154.4,6167.92,6,58,106.34,2,1,5,86,False,Ignored,False
780,45,Female,62.57,1404.11,14,26,54.0,7,0,4,225,False,Unsubscribed,True
781,32,Male,141.37,415.86,1,9,46.21,5,4,3,57,False,Unsubscribed,True
782,47,Male,112.16,166.88,3,4,41.72,5,1,4,32,False,Unsubscribed,True
783,54,Female,154.99,1860.83,18,23,80.91,2,2,4,178,True,Responded,False
784,46,Male,82.23,5684.88,18,54,105.28,4,0,4,132,False,Responded,False
785,39,Other,180.76,2910.51,8,31,93.89,6,2,3,183,False,Responded,False
786,21,Female,39.75,3280.98,4,52,63.1,2,0,5,271,True,Responded,False
787,37,Female,166.26,1570.37,2,20,78.52,6,4,3,200,False,Responded,True
788,49,Female,175.73,1871.76,5,25,74.87,2,2,1,25,False,Unsubscribed,True
789,53,Male,168.02,6697.56,17,56,119.6,5,1,4,72,False,Responded,False
790,67,Female,114.73,1220.9,7,27,45.22,1,0,3,128,True,Unsubscribed,False
791,21,Male,101.72,1903.71,5,30,63.46,2,2,4,1,True,Unsubscribed,True
792,44,Other,199.35,536.4,3,13,41.26,5,4,5,195,False,Ignored,True
793,34,Male,65.11,1073.41,5,17,63.14,2,3,4,110,False,Unsubscribed,True
794,29,Female,120.7,1495.37,9,29,51.56,4,0,1,230,False,Responded,True
795,39,Female,142.37,243.21,4,9,27.02,4,4,1,52,False,Ignored,True
796,34,Male,147.65,1439.07,2,22,65.41,5,3,1,18,False,Ignored,True
797,27,Male,60.7,1711.46,2,39,43.88,5,3,2,204,False,Ignored,True
798,18,Female,139.45,1217.75,4,28,43.49,6,4,1,64,False,Responded,True
799,39,Other,168.21,552.59,5,11,50.24,2,1,5,330,False,Ignored,True
800,43,Male,33.75,1842.61,4,25,73.7,1,2,2,245,True,Unsubscribed,True
801,35,Female,184.52,967.03,2,19,50.9,2,3,4,268,False,Unsubscribed,True
802,67,Other,30.16,502.47,2,10,50.25,2,3,2,1,False,Unsubscribed,True
803,31,Other,87.29,1656.6,3,20,82.83,4,3,2,154,False,Unsubscribed,True
804,64,Male,27.77,50.7,1,1,50.7,7,3,1,94,False,Unsubscribed,True
805,46,Female,38.5,3561.93,5,56,63.61,1,3,4,1,True,Responded,False
806,29,Male,184.45,2797.98,2,23,121.65,0,1,2,107,True,Responded,False
807,53,Other,87.1,940.26,5,28,33.58,5,2,2,82,False,Ignored,True
808,52,Female,99.34,3847.62,9,60,64.13,2,1,5,206,False,Ignored,False
809,69,Male,62.69,518.45,8,7,74.06,6,2,4,165,True,Ignored,True
810,29,Female,129.49,3171.73,13,35,90.62,3,2,5,326,True,Responded,False
811,24,Male,129.09,1088.79,4,13,83.75,9,1,2,339,False,Ignored,True
812,46,Other,90.14,2128.76,4,42,50.68,1,2,1,1,True,Responded,False
813,28,Other,83.28,2188.37,1,25,87.53,7,4,3,146,False,Ignored,True
814,50,Female,179.87,1187.56,1,13,91.35,3,3,4,91,False,Unsubscribed,True
815,23,Male,92.07,1449.61,11,31,46.76,5,4,1,122,False,Unsubscribed,True
816,64,Female,111.36,802.74,4,21,38.23,7,3,1,119,False,Unsubscribed,True
817,32,Male,74.58,1026.64,4,15,68.44,6,4,3,179,False,Ignored,True
818,49,Male,162.68,726.65,6,8,90.83,3,4,4,177,False,Ignored,True
819,68,Other,94.55,1772.23,2,27,65.64,1,3,3,289,True,Responded,False
820,28,Male,114.88,723.82,2,11,65.8,7,3,5,173,False,Ignored,True
821,40,Male,69.34,1815.78,10,33,55.02,2,0,4,213,True,Responded,False
822,43,Other,197.84,580.14,1,12,48.34,6,4,2,30,False,Unsubscribed,True
823,51,Male,76.01,5389.33,8,52,103.64,2,2,5,96,False,Unsubscribed,True
824,63,Male,159.88,2048.4,4,32,64.01,2,4,2,223,False,Responded,True
825,51,Other,99.81,4951.01,4,33,150.03,1,1,5,1,False,Responded,False
826,46,Male,61.09,1543.86,3,17,90.82,5,3,5,146,True,Ignored,True
827,21,Female,164.95,1352.36,1,24,56.35,4,2,4,242,True,Unsubscribed,True
828,34,Other,83.38,1928.67,4,20,96.43,2,3,2,170,True,Unsubscribed,False
829,52,Other,176.41,1990.91,4,22,90.5,3,0,5,1,False,Ignored,False
830,30,Female,185.17,1437.48,4,32,44.92,5,0,2,131,True,Unsubscribed,True
831,58,Male,175.47,5908.78,18,39,151.51,0,1,4,99,True,Responded,False
832,56,Male,31.13,936.84,3,18,52.05,6,2,3,14,True,Ignored,True
833,32,Other,162.79,254.07,7,5,50.81,8,4,3,88,False,Unsubscribed,True
834,46,Other,96.98,1427.86,9,25,57.11,0,3,4,1,False,Ignored,False
835,46,Female,177.9,1673.91,2,29,57.72,2,4,3,61,True,Responded,False
836,28,Male,136.64,1430.02,2,16,89.38,3,2,3,230,True,Unsubscribed,True
837,69,Male,170.89,1433.65,2,16,89.6,0,3,1,162,False,Unsubscribed,True
838,49,Male,112.4,953.66,1,19,50.19,5,4,1,111,False,Ignored,True
839,19,Female,118.63,1414.2,9,19,74.43,9,4,2,1,False,Ignored,True
840,64,Female,50.27,483.1,1,11,43.92,7,4,2,184,False,Ignored,True
841,31,Other,162.2,3052.87,6,35,87.22,3,3,1,228,False,Unsubscribed,True
842,37,Female,98.39,354.44,6,12,29.54,6,4,3,169,False,Unsubscribed,True
843,39,Male,112.51,1039.47,2,15,69.3,6,4,1,201,False,Ignored,True
844,28,Female,162.39,2272.7,12,45,50.5,2,2,4,151,False,Responded,False
845,44,Female,129.8,217.78,7,3,72.59,7,2,3,94,True,Unsubscribed,True
846,20,Female,60.19,698.82,6,14,49.92,3,3,3,87,False,Unsubscribed,True
847,34,Female,128.29,190.01,2,2,95.0,2,3,1,365,True,Ignored,True
848,61,Other,96.34,915.85,2,15,61.06,0,0,5,201,False,Ignored,False
849,45,Other,107.17,78.48,3,1,78.48,3,2,5,242,False,Unsubscribed,True
850,46,Male,29.95,4005.71,3,36,111.27,3,3,3,1,True,Responded,False
851,38,Male,61.76,1851.74,14,24,77.16,1,0,3,127,False,Responded,False
852,64,Female,74.18,1359.03,4,19,71.53,0,2,3,356,True,Unsubscribed,True
853,33,Male,149.77,344.94,3,7,49.28,8,3,1,65,False,Responded,True
854,54,Male,27.01,3188.39,8,37,86.17,6,2,3,176,False,Responded,False
855,37,Male,96.54,4733.48,15,41,115.45,0,0,3,199,True,Responded,False
856,23,Female,186.7,5170.33,3,39,132.57,2,1,4,143,True,Responded,False
857,36,Male,44.58,1198.48,5,24,49.94,8,4,2,235,False,Ignored,True
858,22,Female,115.37,4554.71,5,44,103.52,1,2,4,1,True,Responded,False
859,20,Other,162.64,1351.67,4,22,61.44,5,1,5,43,True,Responded,False
860,18,Male,189.94,2599.06,2,27,96.26,6,4,2,209,False,Unsubscribed,True
861,55,Male,155.69,1824.8,7,39,46.79,1,1,4,125,True,Ignored,False
862,32,Male,151.1,2264.74,3,36,62.91,3,1,2,269,False,Ignored,False
863,51,Other,169.64,3484.39,4,38,91.69,1,3,1,62,True,Unsubscribed,False
864,52,Male,103.09,1027.08,1,26,39.5,7,1,1,116,True,Unsubscribed,True
865,66,Male,166.02,3089.78,2,39,79.23,1,3,2,126,True,Ignored,False
866,42,Male,26.39,2120.01,4,31,68.39,2,4,1,95,True,Ignored,True
867,41,Female,186.8,6036.95,6,48,125.77,1,0,5,122,False,Responded,False
868,29,Female,102.58,3749.8,2,44,85.22,8,1,5,282,True,Ignored,False
869,35,Female,121.84,3542.2,10,41,86.4,4,0,2,233,True,Responded,False
870,32,Other,69.6,3080.91,2,38,81.08,3,0,4,147,False,Responded,False
871,61,Male,154.94,1085.88,2,10,108.59,6,2,2,264,False,Responded,True
872,33,Other,38.41,3029.09,5,29,104.45,1,2,3,207,True,Unsubscribed,False
873,44,Male,177.71,2800.26,20,35,80.01,0,4,1,162,True,Unsubscribed,True
874,25,Other,169.92,597.3,1,16,37.33,3,3,4,1,False,Ignored,True
875,63,Female,62.81,1124.84,4,23,48.91,7,3,3,145,False,Ignored,True
876,42,Other,166.63,1938.63,4,25,77.55,3,0,3,76,False,Unsubscribed,True
877,34,Male,162.61,5159.11,6,43,119.98,3,0,4,184,True,Responded,False
878,46,Male,135.64,399.23,6,8,49.9,3,2,2,47,False,Unsubscribed,True
879,25,Male,90.37,6164.68,9,54,114.16,0,1,2,239,True,Ignored,False
880,32,Male,72.51,2023.69,5,27,74.95,0,4,4,90,True,Responded,False
881,44,Male,65.56,2018.19,6,14,144.16,4,0,5,246,True,Ignored,False
882,63,Male,80.76,5544.5,6,58,95.59,8,2,4,235,True,Unsubscribed,False
883,67,Male,183.12,3127.31,5,33,94.77,4,1,2,108,True,Responded,False
884,69,Female,38.59,2245.85,2,31,72.45,4,0,4,292,True,Ignored,False
885,24,Other,170.05,420.98,3,11,38.27,7,3,4,235,False,Responded,True
886,20,Female,86.06,1936.63,6,23,84.2,2,2,4,97,True,Responded,False
887,46,Male,116.28,1003.04,2,25,40.12,7,3,3,86,False,Ignored,True
888,61,Female,164.03,3671.89,2,48,76.5,4,1,4,306,True,Responded,False
889,41,Male,179.77,1383.11,10,16,86.44,4,4,3,134,True,Ignored,True
890,20,Other,85.34,2416.91,6,34,71.09,8,2,4,317,True,Responded,False
891,37,Male,105.82,612.49,1,12,51.04,0,2,2,93,False,Ignored,True
892,63,Female,97.54,1930.52,1,30,64.35,4,0,5,188,True,Ignored,True
893,32,Other,27.32,1814.41,9,27,67.2,9,2,5,142,True,Unsubscribed,True
894,42,Other,76.79,3191.15,2,37,86.25,4,2,3,36,True,Ignored,False
895,47,Female,105.36,300.63,10,8,37.58,8,1,4,129,False,Ignored,True
896,31,Other,96.94,1669.56,4,37,45.12,3,0,4,196,False,Ignored,False
897,24,Other,151.34,1555.63,2,25,62.23,2,3,2,188,True,Unsubscribed,True
898,34,Female,92.34,2640.67,8,46,57.41,4,2,2,33,False,Responded,False
899,61,Female,110.64,5163.03,6,43,120.07,2,0,5,205,True,Responded,False
900,37,Female,100.18,2508.32,4,24,104.51,4,3,4,136,False,Unsubscribed,True
901,53,Female,154.61,2004.83,8,21,95.47,1,4,1,132,True,Unsubscribed,True
902,26,Female,176.02,1006.55,1,19,52.98,2,0,2,324,False,Responded,True
903,55,Female,118.08,3932.92,3,49,80.26,0,4,2,325,False,Responded,False
904,65,Male,163.15,1775.38,17,15,118.36,2,2,2,101,True,Ignored,False
905,39,Male,76.94,2121.7,6,25,84.87,1,0,5,320,True,Responded,False
906,19,Male,119.74,441.98,2,8,55.25,1,2,1,219,True,Unsubscribed,True
907,41,Male,85.42,871.04,12,19,45.84,7,0,2,209,False,Unsubscribed,True
908,25,Male,97.49,1931.24,2,39,49.52,2,1,3,34,True,Responded,False
909,28,Female,153.17,1911.02,1,27,70.78,6,4,3,255,False,Ignored,True
910,30,Male,179.29,3131.05,19,39,80.28,0,4,4,137,True,Responded,False
911,34,Other,46.26,981.64,13,11,89.24,5,0,2,20,False,Unsubscribed,True
912,25,Male,136.06,1110.27,7,19,58.44,2,4,2,213,False,Unsubscribed,True
913,38,Male,126.88,4228.82,2,40,105.72,3,0,5,171,False,Ignored,False
914,35,Female,45.72,61.57,9,1,61.57,7,4,3,185,False,Unsubscribed,True
915,47,Female,62.08,3416.99,5,53,64.47,1,2,4,30,True,Responded,False
916,35,Male,79.43,2338.8,2,27,86.62,0,0,3,164,False,Ignored,False
917,63,Other,54.21,257.38,5,4,64.34,5,1,1,131,False,Responded,True
918,64,Other,67.65,2829.79,1,28,101.06,0,3,5,179,False,Unsubscribed,True
919,48,Male,71.83,515.28,1,7,73.61,5,2,1,320,False,Unsubscribed,True
920,55,Male,83.74,1641.24,4,28,58.62,0,1,4,54,True,Ignored,False
921,49,Other,156.14,1781.94,4,26,68.54,2,3,4,71,False,Ignored,False
922,28,Female,125.08,2760.3,4,44,62.73,0,1,5,84,False,Ignored,False
923,62,Female,197.59,1695.38,3,31,54.69,6,4,2,202,True,Ignored,True
924,42,Other,97.58,1721.93,1,27,63.78,3,0,1,121,True,Ignored,True
925,50,Male,156.93,2049.82,3,29,70.68,2,2,5,120,True,Responded,False
926,55,Female,177.51,1679.43,2,24,69.98,1,2,5,273,False,Ignored,False
927,58,Male,143.82,6341.53,5,73,86.87,3,0,1,1,True,Ignored,False
928,25,Female,97.08,2279.78,8,31,73.54,7,1,3,43,True,Ignored,False
929,28,Female,156.88,3637.27,20,44,82.67,1,3,5,211,True,Responded,False
930,39,Female,60.64,594.3,3,7,84.9,5,2,4,98,False,Unsubscribed,True
931,68,Male,82.32,1067.62,3,27,39.54,6,2,4,230,False,Ignored,True
932,41,Male,120.67,2825.03,3,48,58.85,5,2,1,65,True,Responded,False
933,58,Female,125.7,234.19,1,6,39.03,8,3,3,211,True,Unsubscribed,True
934,34,Female,28.87,2239.6,4,34,65.87,1,1,3,210,True,Responded,False
935,29,Female,190.39,3186.12,7,28,113.79,7,4,5,46,True,Ignored,False
936,63,Male,146.91,5994.34,3,49,122.33,3,0,5,197,True,Ignored,False
937,49,Other,111.75,1809.35,1,29,62.39,2,4,4,284,True,Unsubscribed,True
938,32,Male,188.3,3732.11,8,38,98.21,2,1,3,184,True,Ignored,False
939,33,Other,101.84,2349.59,15,42,55.94,3,3,5,236,True,Responded,False
940,39,Male,196.58,6445.68,12,63,102.31,0,4,4,191,True,Ignored,False
941,45,Female,114.65,1200.15,1,18,66.68,4,0,1,159,True,Unsubscribed,True
942,37,Male,45.0,154.36,1,3,51.45,2,2,5,197,False,Responded,True
943,50,Other,158.84,325.83,1,11,29.62,8,4,2,113,False,Ignored,True
944,27,Female,143.81,419.44,2,6,69.91,5,3,2,73,False,Ignored,True
945,57,Male,160.27,5372.45,4,41,131.04,3,0,4,154,False,Responded,False
946,49,Male,191.5,730.64,8,19,38.45,7,0,2,201,False,Unsubscribed,True
947,67,Male,160.89,868.63,8,15,57.91,7,1,2,233,False,Unsubscribed,True
948,50,Male,131.98,1642.88,5,37,44.4,3,2,1,295,False,Ignored,True
949,19,Other,175.03,4421.35,8,44,100.49,2,2,4,71,True,Responded,False
950,50,Female,142.82,2088.24,6,28,74.58,4,2,2,189,False,Responded,True
951,50,Female,96.42,854.41,2,21,40.69,5,4,1,199,False,Unsubscribed,True
952,58,Female,179.98,434.61,7,10,43.46,5,3,2,83,False,Ignored,True
953,30,Female,63.83,348.23,3,8,43.53,5,2,1,181,False,Ignored,True
954,47,Male,150.06,4149.01,8,53,78.28,5,1,5,23,False,Responded,False
955,50,Male,179.27,587.99,3,15,39.2,9,4,4,46,False,Responded,True
956,30,Female,152.98,1128.21,2,20,56.41,8,3,2,99,True,Unsubscribed,True
957,69,Other,147.02,3412.66,9,36,94.8,1,4,5,161,True,Responded,False
958,43,Male,156.71,2763.72,5,30,92.12,4,1,2,168,False,Unsubscribed,True
959,39,Male,106.38,391.39,4,7,55.91,2,2,2,24,False,Unsubscribed,True
960,56,Female,177.98,5748.01,4,42,136.86,4,2,5,293,True,Responded,False
961,19,Other,60.6,3549.35,6,33,107.56,1,1,3,235,True,Ignored,False
962,55,Male,47.29,553.76,2,10,55.38,1,3,3,155,False,Unsubscribed,True
963,56,Female,74.96,1128.91,1,21,53.76,6,4,1,256,False,Unsubscribed,True
964,43,Other,118.03,1608.87,1,18,89.38,3,2,2,1,False,Ignored,True
965,63,Male,114.35,3420.0,2,37,92.43,2,0,2,68,False,Ignored,False
966,67,Male,168.6,1987.07,9,36,55.2,6,0,4,126,False,Ignored,False
967,32,Female,95.8,3281.83,5,35,93.77,1,2,3,135,True,Responded,False
968,51,Other,109.76,5372.44,12,75,71.63,7,1,3,317,True,Ignored,False
969,59,Male,27.34,3966.54,3,48,82.64,1,4,5,66,True,Responded,False
970,61,Female,96.7,5367.28,8,45,119.27,6,0,1,204,True,Unsubscribed,False
971,66,Female,138.36,930.55,7,14,66.47,3,4,4,264,False,Ignored,True
972,57,Female,27.71,4055.89,3,48,84.5,2,1,5,246,True,Responded,False
973,28,Female,74.15,1862.4,6,36,51.73,0,2,4,117,True,Unsubscribed,False
974,20,Female,61.39,1979.01,6,20,98.95,8,4,3,277,True,Ignored,True
975,23,Female,32.35,2384.08,8,28,85.15,1,1,4,62,False,Ignored,False
976,26,Female,108.87,4240.88,2,39,108.74,4,1,4,28,True,Unsubscribed,False
977,23,Female,56.8,2281.48,3,41,55.65,3,4,5,121,True,Responded,False
978,26,Female,155.04,240.52,5,7,34.36,2,3,4,138,False,Responded,True
979,56,Other,173.39,2846.78,3,30,94.89,4,0,5,217,False,Responded,False
980,48,Male,120.48,1082.56,5,14,77.33,7,4,2,94,True,Ignored,True
981,49,Other,196.8,4226.1,3,42,100.62,2,4,2,174,True,Ignored,False
982,58,Other,103.83,582.9,2,13,44.84,3,2,2,177,True,Unsubscribed,True
983,67,Male,114.84,1244.85,2,28,44.46,2,3,3,55,False,Ignored,True
984,29,Female,198.11,2430.65,9,45,54.01,1,0,5,243,True,Responded,False
985,25,Female,65.52,5025.14,14,33,152.28,5,3,5,206,False,Responded,False
986,25,Male,189.95,2932.54,6,46,63.75,0,1,5,186,False,Ignored,False
987,67,Male,32.5,4021.35,13,33,121.86,7,1,5,113,True,Ignored,False
988,45,Male,103.12,3499.88,7,69,50.72,3,3,5,80,False,Responded,False
989,37,Male,37.25,5118.07,20,38,134.69,0,0,5,162,True,Responded,False
990,64,Other,152.62,5475.61,20,56,97.78,0,2,3,220,False,Ignored,False
991,24,Male,131.47,4118.03,5,48,85.79,3,2,3,212,True,Ignored,False
992,28,Other,148.66,320.92,4,9,35.66,6,4,1,83,False,Unsubscribed,True
993,37,Female,90.53,4062.46,8,56,72.54,1,1,2,66,False,Responded,False
994,33,Other,89.66,777.92,6,11,70.72,4,3,2,177,False,Ignored,True
995,21,Female,32.93,3838.44,2,30,127.95,5,0,5,67,False,Responded,False
996,23,Male,86.24,5161.66,12,50,103.23,3,3,5,167,True,Responded,False
997,39,Female,187.63,4182.55,5,55,76.05,1,2,4,1,True,Unsubscribed,False
998,43,Male,91.36,1048.27,10,25,41.93,9,4,5,1,False,Ignored,True
999,20,Female,170.49,2629.95,10,53,49.62,4,2,4,14,True,Ignored,False
1000,58,Other,172.41,4860.84,7,51,95.31,3,2,5,209,True,Responded,False
